{"epsilon": 0.05000173406309312, "step": 264275, "score": 1640.691717583686}