{"epsilon": 0.06539837500343529, "step": 41222, "score": 2969.1521653622403}