{"epsilon": 0.06736422377404022, "step": 80041, "score": 2997.6788381052393}