{"epsilon": 0.05306749719934819, "step": 57356, "score": 3756.4555545981784}