{"epsilon": 0.2292823584621842, "step": 16675, "score": 657.5221731466736}